{"CACHE_SYNC_FILE_HASH":{"D:\\HarmonyAICore\\hvigor\\hvigor-config.json5":"0aaf83a2769f98204fd09bcd14e72506fe75c37c253d87400d3a57ed5880a282","D:\\HarmonyAICore\\build-profile.json5":"c9b8a03c188e9763d33ea8a01ee77855a644199f0c8c74e512feeb35bc5e9c55","D:\\HarmonyAICore\\hvigorfile.ts":"7bf35ffc65e5cd18233ab14548c0cf686c3d39751eda8ba28232ababc8b8b543","D:\\HarmonyAICore\\oh-package.json5":"ae07faf02d12907f467fd72d2395061beed953e7228eb91b6759e19157699f99","D:\\HarmonyAICore\\entry\\build-profile.json5":"47cd808286c6d897f288793af1c748ea5ab4422237f4e1aca5ad0e5520f845e8","D:\\HarmonyAICore\\entry\\hvigorfile.ts":"91905b51fba53623fbf5b06e3256462782e6823d134b3c6e0554001c7a937c7a","D:\\HarmonyAICore\\entry\\oh-package.json5":"428da6b298efe50ef6dfcda995ec2eea7ea3fda1693e9c107ac4c2471845d809","D:\\HarmonyAICore\\.hvigor\\outputs\\sync\\output.json":"99040b90534ec2072cb94ee5dd8087ec49daf8ef08d445f27112ae7670781b08","SDK_LOCATION":"D:/DevEco/DevEco Studio/sdk"},"OHPM_INSTALL_FILE_HASH":{"D:\\HarmonyAICore\\oh-package.json5":"ae07faf02d12907f467fd72d2395061beed953e7228eb91b6759e19157699f99","D:\\HarmonyAICore\\oh_modules\\.ohpm\\lock.json5":"fb73c3bc56fb548247391c63a3d9f719f098806ce189c72319b4e9428443e045","D:\\HarmonyAICore\\entry\\oh-package.json5":"428da6b298efe50ef6dfcda995ec2eea7ea3fda1693e9c107ac4c2471845d809","D:\\HarmonyAICore\\oh_modules":true,"D:\\HarmonyAICore\\entry\\oh_modules":false}}